{"loss": [1.9507938623428345, 1.4796861410140991, 0.8035522103309631, 0.7007823586463928, 0.6173400282859802, 0.4845159947872162, 0.5032011270523071, 0.403077095746994, 0.3399929404258728, 0.25181594491004944, 0.21791307628154755, 0.22440890967845917, 0.2556040287017822, 0.20451097190380096, 0.19347645342350006, 0.15952226519584656, 0.1227787658572197, 0.14313116669654846, 0.1658995896577835, 0.10025668144226074, 0.11885157227516174, 0.1746947467327118, 0.08677838742733002, 0.11005739122629166, 0.08562705665826797], "accuracy": [0.3214285671710968, 0.4326923191547394, 0.6538461446762085, 0.692307710647583, 0.7884615659713745, 0.8482142686843872, 0.8125, 0.8482142686843872, 0.8942307829856873, 0.9134615659713745, 0.942307710647583, 0.9375, 0.9107142686843872, 0.9464285969734192, 0.932692289352417, 0.9375, 0.9615384340286255, 0.942307710647583, 0.9375, 0.9732142686843872, 0.9519230723381042, 0.9615384340286255, 0.9807692170143127, 0.9642857313156128, 0.9732142686843872]}