{"loss": [2.0406692028045654, 0.865386426448822, 0.4045020639896393, 0.29563045501708984, 0.11213746666908264, 0.24195101857185364, 0.13694098591804504, 0.13550354540348053, 0.09096542745828629, 0.043426673859357834, 0.043568458408117294, 0.06420112401247025, 0.06186811253428459, 0.06916791945695877, 0.11909016221761703, 0.044299714267253876, 0.0888134017586708, 0.07657088339328766, 0.013331828638911247, 0.03867432847619057, 0.006289784796535969, 0.049134284257888794, 0.022597819566726685, 0.01805783621966839, 0.05420476943254471], "accuracy": [0.3392857015132904, 0.692307710647583, 0.8392857313156128, 0.9230769276618958, 0.9615384340286255, 0.9038461446762085, 0.9519230723381042, 0.9711538553237915, 0.9642857313156128, 1.0, 0.9903846383094788, 0.9807692170143127, 0.9642857313156128, 0.9519230723381042, 0.9519230723381042, 0.9732142686843872, 0.9553571343421936, 0.9732142686843872, 1.0, 0.9821428656578064, 1.0, 0.9910714030265808, 1.0, 1.0, 0.9821428656578064]}