{"loss": [1.397926926612854, 1.4213359355926514, 1.3095945119857788, 1.179155707359314, 1.1888940334320068, 1.023646593093872, 1.041061282157898, 0.9994574785232544, 1.0314191579818726, 1.0575674772262573, 1.0244969129562378, 1.035690188407898, 0.9422203898429871, 0.9500657320022583, 0.9209042191505432, 0.8722020983695984, 0.9018279314041138, 0.8497052788734436, 0.8580464124679565, 0.8152987360954285, 0.8315824270248413, 0.8456158638000488, 0.8307221531867981, 0.8155235052108765, 0.8066501617431641], "accuracy": [0.2767857015132904, 0.3482142984867096, 0.3461538553237915, 0.3571428656578064, 0.3839285671710968, 0.5267857313156128, 0.49038460850715637, 0.5089285969734192, 0.4464285671710968, 0.42307692766189575, 0.4642857015132904, 0.42307692766189575, 0.5803571343421936, 0.49038460850715637, 0.5357142686843872, 0.6517857313156128, 0.6057692170143127, 0.7142857313156128, 0.5961538553237915, 0.6538461446762085, 0.692307710647583, 0.6607142686843872, 0.6785714030265808, 0.6607142686843872, 0.6875]}